id,klant_id,type,bedrag,deadline,gespaard,status
1,lisa,kot,4500.0,2027-08-15,1400.0,actief
2,lisa,reis,1800.0,2027-07-01,700.0,actief
3,koppel,woning,45000.0,2029-06-01,15200.0,actief
4,koppel,gezin,8000.0,2028-03-01,2100.0,actief
5,gezinsvader,eerste_auto,12000.0,2027-05-01,3800.0,actief
6,gezinsvader,pensioen,80000.0,2045-09-01,4100.0,actief
7,KBC-0001,gezin,6975.21,2028-08-28,2436.33,actief
8,KBC-0001,reis,646.18,2027-08-28,345.39,actief
9,KBC-0002,pensioen,20621.42,2032-10-28,5580.12,actief
10,KBC-0003,reis,1418.24,2027-05-28,130.46,actief
11,KBC-0004,eerste_auto,6620.33,2028-12-28,2692.02,actief
12,KBC-0005,kot,5374.69,2027-08-28,849.56,actief
13,KBC-0006,reis,779.94,2027-01-28,2128.39,actief
14,KBC-0007,pensioen,48920.82,2031-12-28,19.41,actief
15,KBC-0007,reis,2130.54,2028-03-28,15.71,actief
16,KBC-0008,pensioen,41901.93,2032-03-28,4473.33,actief
17,KBC-0008,reis,1041.29,2027-01-28,1691.64,actief
18,KBC-0009,kot,3773.25,2028-06-28,247.26,actief
19,KBC-0009,eerste_auto,6384.78,2027-11-28,332.66,actief
20,KBC-0010,gezin,8940.46,2028-03-28,602.48,actief
21,KBC-0011,woning,38570.72,2029-06-28,1317.56,actief
22,KBC-0012,reis,1749.48,2028-03-28,3077.08,actief
23,KBC-0013,reis,2118.47,2028-01-28,3065.43,actief
24,KBC-0014,kot,5283.81,2027-08-28,14.19,actief
25,KBC-0015,reis,1069.27,2028-03-28,3191.85,actief
26,KBC-0015,kot,4448.83,2028-08-28,1239.68,actief
27,KBC-0016,eerste_auto,9001.31,2028-06-28,32.34,actief
28,KBC-0016,reis,2002.26,2028-05-28,12.17,actief
29,KBC-0017,eerste_auto,3151.6,2028-08-28,379.18,actief
30,KBC-0017,gezin,7765.5,2028-02-28,295.74,actief
31,KBC-0018,kot,4427.91,2027-04-28,830.02,actief
32,KBC-0018,reis,805.71,2027-11-28,585.66,actief
33,KBC-0019,gezin,6922.44,2028-12-28,1739.09,actief
34,KBC-0019,pensioen,28208.36,2032-06-28,419.34,actief
35,KBC-0020,woning,21807.77,2029-10-28,22.4,actief
36,KBC-0021,woning,49258.14,2029-04-28,18.07,actief
37,KBC-0022,reis,1018.45,2027-06-28,3115.71,actief
38,KBC-0023,reis,1649.0,2028-01-28,18.05,actief
39,KBC-0024,kot,2720.26,2027-08-28,4284.35,actief
40,KBC-0025,kot,3826.0,2027-09-28,3776.51,actief
41,KBC-0025,eerste_auto,9416.2,2028-03-28,1182.94,actief
42,KBC-0026,reis,1156.22,2028-04-28,15.72,actief
43,KBC-0027,kot,5335.04,2028-09-28,2339.78,actief
44,KBC-0027,woning,30600.79,2028-11-28,362.08,actief
45,KBC-0028,reis,1672.25,2028-05-28,2983.19,actief
46,KBC-0029,pensioen,23033.08,2033-03-28,2305.89,actief
47,KBC-0029,eerste_auto,5995.21,2027-11-28,2696.36,actief
48,KBC-0030,reis,2076.24,2027-10-28,271.64,actief
49,KBC-0030,woning,42910.05,2028-10-28,159.34,actief
50,KBC-0031,reis,1107.76,2027-09-28,1467.38,actief
51,KBC-0032,kot,5272.38,2027-03-28,593.49,actief
52,KBC-0033,pensioen,49581.91,2032-12-28,15.52,actief
53,KBC-0034,kot,3807.03,2027-09-28,222.75,actief
54,KBC-0034,reis,713.05,2027-07-28,317.67,actief
55,KBC-0035,woning,37666.58,2029-04-28,2227.21,actief
56,KBC-0036,pensioen,20416.16,2032-11-28,1393.62,actief
57,KBC-0037,reis,2147.01,2027-02-28,2093.31,actief
58,KBC-0038,reis,1864.42,2027-06-28,2577.4,actief
59,KBC-0039,pensioen,50333.82,2031-09-28,460.49,actief
60,KBC-0039,woning,31465.53,2029-11-28,363.65,actief
61,KBC-0040,pensioen,88188.36,2032-02-28,29.52,actief
62,KBC-0041,reis,728.58,2026-12-28,2189.39,actief
63,KBC-0042,pensioen,65823.3,2032-07-28,1715.19,actief
64,KBC-0042,reis,917.4,2028-03-28,1269.24,actief
65,KBC-0043,reis,966.03,2028-06-28,1465.68,actief
66,KBC-0043,gezin,9277.99,2029-02-28,555.7,actief
67,KBC-0044,eerste_auto,5557.23,2029-02-28,3665.95,actief
68,KBC-0044,pensioen,78540.02,2031-11-28,947.09,actief
69,KBC-0045,gezin,12335.07,2028-12-28,168.77,actief
70,KBC-0046,woning,40112.73,2028-12-28,321.54,actief
71,KBC-0046,reis,853.41,2028-03-28,361.43,actief
72,KBC-0047,kot,5209.48,2027-06-28,19.48,actief
73,KBC-0048,woning,41119.64,2029-02-28,524.32,actief
74,KBC-0048,gezin,13485.01,2028-01-28,422.63,actief
75,KBC-0049,pensioen,66103.82,2032-09-28,3075.29,actief
76,KBC-0049,gezin,12817.16,2028-02-28,907.28,actief
77,KBC-0050,pensioen,83555.31,2033-01-28,2031.81,actief
78,KBC-0050,reis,1247.62,2027-09-28,2597.85,actief
79,KBC-0051,reis,1917.11,2027-06-28,2017.2,actief
80,KBC-0052,woning,16233.84,2028-11-28,1889.94,actief
81,KBC-0053,kot,3057.86,2027-06-28,10.81,actief
82,KBC-0054,reis,1501.59,2027-05-28,582.2,actief
83,KBC-0054,kot,3798.53,2027-09-28,246.23,actief
84,KBC-0055,reis,1224.26,2028-05-28,643.87,actief
85,KBC-0055,pensioen,90323.4,2032-05-28,763.56,actief
86,KBC-0056,kot,4530.75,2027-07-28,979.01,actief
87,KBC-0057,pensioen,77044.3,2032-09-28,823.22,actief
88,KBC-0058,reis,1162.11,2027-02-28,206.55,actief
89,KBC-0058,kot,3256.54,2027-04-28,150.48,actief
90,KBC-0059,woning,22533.79,2029-05-28,20.01,actief
91,KBC-0059,kot,2703.84,2028-07-28,9.22,actief
92,KBC-0060,eerste_auto,4818.73,2029-02-28,33.2,actief
93,KBC-0061,pensioen,20260.89,2032-09-28,22.13,actief
94,KBC-0061,reis,1057.29,2028-02-28,13.44,actief
95,KBC-0062,pensioen,50002.67,2032-10-28,2316.21,actief
96,KBC-0062,gezin,11635.6,2029-01-28,655.51,actief
97,KBC-0063,eerste_auto,3362.12,2028-04-28,13.55,actief
98,KBC-0064,reis,1439.39,2026-12-28,3230.8,actief
99,KBC-0064,pensioen,85206.76,2032-09-28,880.0,actief
100,KBC-0065,reis,740.43,2027-04-28,1459.69,actief
101,KBC-0066,woning,26078.11,2030-03-28,26.62,actief
102,KBC-0066,reis,1891.43,2028-03-28,7.03,actief
103,KBC-0067,reis,816.9,2026-12-28,1539.92,actief
104,KBC-0068,reis,1318.06,2027-12-28,1667.12,actief
105,KBC-0069,woning,45999.76,2028-09-28,1393.91,actief
106,KBC-0070,woning,22877.14,2029-07-28,3022.92,actief
107,KBC-0070,gezin,12181.09,2028-03-28,1553.81,actief
108,KBC-0071,gezin,6126.5,2027-09-28,2927.26,actief
109,KBC-0072,reis,675.83,2028-01-28,682.89,actief
110,KBC-0073,pensioen,84078.25,2032-05-28,17.87,actief
111,KBC-0074,reis,765.9,2028-02-28,1574.76,actief
112,KBC-0074,eerste_auto,7821.71,2028-09-28,1252.32,actief
113,KBC-0075,pensioen,76379.05,2031-09-28,3842.09,actief
114,KBC-0075,gezin,14185.1,2028-11-28,2153.62,actief
115,KBC-0076,pensioen,25426.84,2031-12-28,2258.59,actief
116,KBC-0077,reis,1349.81,2027-01-28,612.96,actief
117,KBC-0078,kot,4417.65,2027-03-28,2563.14,actief
118,KBC-0079,pensioen,33124.4,2031-09-28,669.33,actief
119,KBC-0079,reis,1987.2,2027-03-28,423.1,actief
120,KBC-0080,reis,1531.87,2028-04-28,1580.2,actief
121,KBC-0081,gezin,8873.45,2027-12-28,4087.8,actief
122,KBC-0081,woning,18461.81,2029-10-28,823.93,actief
123,KBC-0082,pensioen,62198.34,2032-01-28,3623.55,actief
124,KBC-0083,eerste_auto,7591.08,2028-07-28,26.04,actief
125,KBC-0084,woning,52012.88,2028-11-28,2324.87,actief
126,KBC-0085,gezin,8298.31,2028-04-28,424.43,actief
127,KBC-0085,pensioen,37802.1,2031-12-28,565.52,actief
128,KBC-0086,eerste_auto,9258.24,2028-06-28,2980.85,actief
129,KBC-0086,woning,29440.4,2029-09-28,2103.81,actief
130,KBC-0087,kot,4404.9,2027-03-28,1556.26,actief
131,KBC-0087,woning,42091.25,2030-02-28,536.06,actief
132,KBC-0088,woning,47869.97,2029-02-28,861.22,actief
133,KBC-0089,reis,929.74,2028-03-28,1280.72,actief
134,KBC-0089,gezin,10052.43,2029-02-28,522.79,actief
135,KBC-0090,kot,4796.99,2027-04-28,2625.35,actief
136,KBC-0091,reis,1941.63,2028-04-28,962.26,actief
137,KBC-0092,reis,1856.43,2027-10-28,33.17,actief
138,KBC-0093,woning,49163.3,2029-02-28,2591.59,actief
139,KBC-0093,gezin,6272.08,2029-03-28,765.65,actief
140,KBC-0094,woning,40361.72,2029-07-28,510.31,actief
141,KBC-0095,eerste_auto,9673.47,2028-10-28,1110.11,actief
142,KBC-0095,pensioen,49484.22,2032-04-28,1162.9,actief
143,KBC-0096,woning,45580.29,2029-03-28,22.63,actief
144,KBC-0097,woning,23961.31,2029-08-28,643.46,actief
145,KBC-0098,kot,2679.9,2028-08-28,1030.92,actief
146,KBC-0098,reis,614.38,2028-01-28,907.21,actief
147,KBC-0099,woning,51538.11,2029-08-28,624.54,actief
148,KBC-0100,woning,27132.07,2029-01-28,25.77,actief
149,KBC-0101,reis,1343.61,2027-05-28,1396.43,actief
150,KBC-0102,woning,26031.91,2029-02-28,2447.37,actief
151,KBC-0102,kot,3638.63,2027-12-28,3190.28,actief
152,KBC-0103,reis,1774.31,2028-04-28,333.8,actief
153,KBC-0103,woning,17205.42,2028-12-28,773.61,actief
154,KBC-0104,kot,5089.46,2027-03-28,479.35,actief
155,KBC-0105,reis,2078.13,2027-03-28,1588.08,actief
156,KBC-0106,woning,18908.44,2030-03-28,331.55,actief
157,KBC-0107,kot,3985.27,2028-01-28,5018.23,actief
158,KBC-0108,gezin,7266.37,2028-08-28,490.39,actief
159,KBC-0108,woning,40613.53,2029-10-28,662.53,actief
160,KBC-0109,reis,1132.19,2027-03-28,1430.78,actief
161,KBC-0110,reis,1292.37,2026-12-28,1178.17,actief
162,KBC-0110,pensioen,24324.57,2031-12-28,528.38,actief
163,KBC-0111,pensioen,47691.93,2033-03-28,8376.33,actief
164,KBC-0111,reis,1970.18,2028-02-28,2128.55,actief
165,KBC-0112,reis,1782.4,2027-12-28,807.67,actief
166,KBC-0113,reis,2101.64,2027-05-28,1330.05,actief
167,KBC-0113,woning,18007.26,2029-09-28,1476.85,actief
168,KBC-0114,kot,2726.95,2028-05-28,19.99,actief
169,KBC-0115,eerste_auto,4538.91,2027-11-28,18.42,actief
170,KBC-0116,reis,1244.99,2027-11-28,1773.31,actief
171,KBC-0116,kot,3718.53,2027-04-28,1019.22,actief
172,KBC-0117,woning,47956.77,2029-07-28,4703.61,actief
173,KBC-0118,woning,39220.85,2029-09-28,1625.91,actief
174,KBC-0119,kot,2810.92,2027-09-28,1807.41,actief
175,KBC-0120,reis,1545.5,2028-02-28,1403.42,actief
176,KBC-0120,woning,37445.52,2029-04-28,306.92,actief
177,KBC-0121,kot,4508.3,2027-12-28,25.67,actief
178,KBC-0122,reis,1625.61,2028-04-28,2685.06,actief
179,KBC-0123,woning,16135.28,2030-03-28,1281.33,actief
180,KBC-0123,pensioen,85436.32,2032-12-28,1936.31,actief
181,KBC-0124,pensioen,90003.62,2031-12-28,283.61,actief
182,KBC-0124,reis,1406.36,2028-02-28,106.36,actief
183,KBC-0125,woning,53013.35,2029-08-28,2225.79,actief
184,KBC-0126,pensioen,86969.53,2032-08-28,872.43,actief
185,KBC-0127,woning,34025.55,2028-12-28,3847.75,actief
186,KBC-0127,reis,1841.37,2027-05-28,872.83,actief
187,KBC-0128,woning,31235.8,2028-09-28,165.94,actief
188,KBC-0129,eerste_auto,5771.71,2028-04-28,1941.16,actief
189,KBC-0130,kot,4654.93,2027-05-28,78.44,actief
190,KBC-0131,pensioen,53638.03,2032-01-28,1519.48,actief
191,KBC-0131,eerste_auto,8444.35,2028-09-28,475.07,actief
192,KBC-0132,woning,22560.9,2030-02-28,3179.92,actief
193,KBC-0133,woning,52293.23,2028-11-28,5209.17,actief
194,KBC-0134,eerste_auto,8681.81,2028-05-28,1504.51,actief
195,KBC-0134,woning,24841.4,2028-12-28,770.16,actief
196,KBC-0135,gezin,7362.88,2028-10-28,748.83,actief
197,KBC-0136,reis,1143.49,2028-04-28,21.21,actief
198,KBC-0136,pensioen,72676.82,2032-01-28,19.43,actief
199,KBC-0137,gezin,13123.73,2028-03-28,6709.09,actief
200,KBC-0137,woning,34861.49,2029-02-28,1207.14,actief
201,KBC-0138,kot,3091.13,2028-04-28,1253.96,actief
202,KBC-0138,reis,682.6,2027-07-28,743.44,actief
203,KBC-0139,reis,1073.06,2027-06-28,3644.48,actief
204,KBC-0140,reis,1148.9,2027-12-28,17.44,actief
205,KBC-0141,woning,46795.89,2029-03-28,1687.22,actief
206,KBC-0142,woning,28837.36,2029-09-28,1283.52,actief
207,KBC-0143,woning,18023.0,2029-02-28,11.96,actief
208,KBC-0144,gezin,11041.05,2029-03-28,1353.44,actief
209,KBC-0145,reis,717.64,2027-12-28,337.49,actief
210,KBC-0146,gezin,13974.93,2028-04-28,1973.14,actief
211,KBC-0147,gezin,9351.54,2028-04-28,659.26,actief
212,KBC-0148,reis,1862.47,2027-03-28,670.04,actief
213,KBC-0149,reis,1527.25,2028-05-28,2980.26,actief
214,KBC-0150,gezin,12105.28,2029-02-28,943.15,actief
215,KBC-0150,reis,1486.02,2027-02-28,1232.59,actief
216,KBC-0151,pensioen,85337.93,2031-10-28,17.46,actief
217,KBC-0151,reis,1751.65,2027-02-28,7.22,actief
218,KBC-0152,reis,1384.23,2027-12-28,476.51,actief
219,KBC-0152,pensioen,22211.07,2032-07-28,452.84,actief
220,KBC-0153,reis,761.4,2026-12-28,6595.81,actief
221,KBC-0153,woning,35294.29,2030-03-28,2315.63,actief
222,KBC-0154,pensioen,39993.9,2031-09-28,727.63,actief
223,KBC-0155,reis,939.26,2026-12-28,24.28,actief
224,KBC-0156,reis,948.5,2027-10-28,998.36,actief
225,KBC-0156,kot,4099.48,2027-08-28,1583.28,actief
226,KBC-0157,gezin,9042.28,2028-01-28,3051.78,actief
227,KBC-0157,woning,37398.94,2029-02-28,1772.6,actief
228,KBC-0158,eerste_auto,7031.44,2028-11-28,241.34,actief
229,KBC-0159,pensioen,24108.05,2031-11-28,1526.48,actief
230,KBC-0160,gezin,8103.47,2028-05-28,1942.24,actief
231,KBC-0161,gezin,8906.42,2027-10-28,414.32,actief
232,KBC-0162,reis,1162.95,2027-06-28,2569.02,actief
233,KBC-0162,gezin,6659.5,2028-09-28,849.3,actief
234,KBC-0163,reis,1082.79,2027-07-28,26.89,actief
235,KBC-0164,woning,35631.4,2028-10-28,2152.96,actief
236,KBC-0164,pensioen,68337.21,2033-01-28,1390.1,actief
237,KBC-0165,woning,19761.04,2030-02-28,3151.25,actief
238,KBC-0166,woning,29248.97,2029-08-28,1521.57,actief
239,KBC-0166,gezin,6482.63,2028-07-28,1687.08,actief
240,KBC-0167,woning,15363.0,2029-03-28,1733.08,actief
241,KBC-0168,pensioen,86567.32,2033-01-28,3468.46,actief
242,KBC-0169,pensioen,34190.92,2032-11-28,2471.37,actief
243,KBC-0169,woning,47109.0,2029-10-28,1122.59,actief
244,KBC-0170,kot,4132.9,2028-04-28,2862.17,actief
245,KBC-0171,eerste_auto,8750.46,2027-12-28,4611.37,actief
246,KBC-0172,reis,1920.89,2027-04-28,26.83,actief
247,KBC-0172,kot,3431.55,2027-09-28,10.93,actief
248,KBC-0173,kot,3254.22,2028-07-28,366.85,actief
249,KBC-0174,eerste_auto,6823.44,2028-07-28,10.62,actief
250,KBC-0174,kot,3143.84,2027-06-28,22.69,actief
251,KBC-0175,gezin,7618.25,2028-11-28,21.97,actief
252,KBC-0176,pensioen,48745.92,2032-06-28,4168.58,actief
253,KBC-0176,gezin,7332.73,2028-08-28,932.79,actief
254,KBC-0177,woning,16913.09,2029-05-28,11.6,actief
255,KBC-0178,woning,21640.09,2028-11-28,1241.74,actief
256,KBC-0178,kot,5098.12,2027-04-28,817.3,actief
257,KBC-0179,gezin,6359.98,2028-01-28,788.48,actief
258,KBC-0180,eerste_auto,9066.39,2028-01-28,2388.09,actief
259,KBC-0180,woning,24748.0,2029-07-28,2463.16,actief
260,KBC-0181,reis,948.61,2027-08-28,543.46,actief
261,KBC-0182,reis,1630.53,2027-12-28,733.27,actief
262,KBC-0183,reis,2132.12,2027-09-28,1524.76,actief
263,KBC-0184,gezin,14335.7,2028-05-28,5843.2,actief
264,KBC-0184,woning,37334.45,2028-11-28,1593.87,actief
265,KBC-0185,woning,31019.28,2028-12-28,16.52,actief
266,KBC-0186,gezin,4590.08,2028-03-28,1941.37,actief
267,KBC-0187,kot,2537.67,2027-12-28,1626.65,actief
268,KBC-0187,woning,44912.12,2029-10-28,1427.08,actief
269,KBC-0188,kot,3180.27,2028-02-28,1042.51,actief
270,KBC-0188,reis,1230.66,2027-10-28,1151.06,actief
271,KBC-0189,woning,45906.21,2028-09-28,3291.61,actief
272,KBC-0189,kot,4596.38,2027-09-28,1846.28,actief
273,KBC-0190,reis,1534.42,2027-08-28,4230.52,actief
274,KBC-0191,reis,789.88,2027-12-28,12.96,actief
275,KBC-0191,woning,51585.19,2030-03-28,19.25,actief
276,KBC-0192,gezin,10011.3,2028-02-28,1445.62,actief
277,KBC-0192,reis,804.22,2028-03-28,604.43,actief
278,KBC-0193,woning,40153.3,2029-07-28,2310.94,actief
279,KBC-0193,gezin,8254.92,2029-01-28,1173.59,actief
280,KBC-0194,gezin,13310.69,2027-12-28,2896.6,actief
281,KBC-0194,reis,1640.63,2028-05-28,745.17,actief
282,KBC-0195,reis,2055.0,2027-01-28,11.69,actief
283,KBC-0196,gezin,8371.88,2027-09-28,1197.96,actief
284,KBC-0197,reis,1788.63,2027-10-28,2682.46,actief
