id,voornaam,achternaam,leeftijd,situatie,inkomen,gespaard,stad,taal,persona,huishouden_id
lisa,Lisa,Vandenberghe,21,student,1180.0,2100.0,Leuven,nl,lisa,
koppel,Jan,Peeters,29,koppel,4200.0,18500.0,Mechelen,nl,koppel,hh-koppel
koppel-lotte,Lotte,Peeters,28,koppel,2400.0,6200.0,Mechelen,nl,koppel,hh-koppel
gezinsvader,Tom,Janssens,41,gezin,3900.0,9400.0,Gent,nl,gezinsvader,hh-gezin
KBC-0001,Hanne,Aerts,31,koppel,3538.34,4004.1,Antwerpen,nl,,
KBC-0002,Jens,Bosmans,32,gezin,4660.79,9412.15,Brussel,nl,,
KBC-0003,Noah,Declercq,33,koppel,4921.03,312.54,Mechelen,nl,,
KBC-0004,Jade,Claes,24,starter,2620.55,4879.33,Gent,nl,,
KBC-0005,Kobe,Lambert,25,starter,1966.4,3334.48,Kortrijk,nl,,
KBC-0006,Julie,Hermans,22,student,1087.67,6152.17,Aalst,nl,,
KBC-0007,Louis,Janssens,68,pensioen,2322.4,50.0,Kortrijk,nl,,
KBC-0008,Lars,Smets,73,pensioen,1750.78,7054.31,Gent,nl,,
KBC-0009,Nora,Dubois,27,starter,2134.29,1231.76,Antwerpen,nl,,
KBC-0010,Tibo,Maes,34,gezin,5720.44,2404.21,Mechelen,nl,,
KBC-0011,Julie,Willems,27,starter,3129.94,2782.03,Kortrijk,nl,,
KBC-0012,Jules,Martin,24,starter,2666.91,6771.09,Brussel,nl,,
KBC-0013,Fleur,Pauwels,78,pensioen,2742.83,8810.84,Brugge,nl,,
KBC-0014,Kobe,De Smet,19,student,1011.28,50.0,Antwerpen,nl,,
KBC-0015,Fien,Martin,18,student,1156.38,5238.88,Aalst,nl,,
KBC-0016,Hanne,Coppens,27,starter,2755.16,50.0,Antwerpen,nl,,
KBC-0017,Mila,Jacobs,50,gezin,4171.21,829.97,Mechelen,nl,,
KBC-0018,Lars,Peeters,24,student,879.56,1735.11,Gent,nl,,
KBC-0019,Lea,Lemmens,34,gezin,3794.51,3169.92,Mechelen,nl,,
KBC-0020,Amber,Hermans,26,starter,2664.7,50.0,Aalst,nl,,
KBC-0021,Elise,Mertens,39,gezin,5308.94,50.0,Leuven,nl,,
KBC-0022,Theo,Lemmens,37,koppel,5302.78,4875.84,Mechelen,nl,,
KBC-0023,Lien,Willems,18,student,1141.43,50.0,Mechelen,nl,,
KBC-0024,Noah,De Smet,18,student,969.28,6172.51,Brussel,nl,,
KBC-0025,Sofie,De Vos,27,starter,2917.39,6634.03,Hasselt,nl,,
KBC-0026,Nora,Dubois,23,student,1206.49,50.0,Kortrijk,nl,,
KBC-0027,Senne,De Vos,28,starter,2060.92,3615.18,Aalst,nl,,
KBC-0028,Lotte,Lemmens,27,koppel,4516.41,6250.97,Aalst,nl,,
KBC-0029,Elise,Jacobs,44,gezin,3777.48,7363.55,Antwerpen,nl,,
KBC-0030,Sofie,Hermans,26,koppel,3206.33,848.5,Aalst,nl,,
KBC-0031,Stan,Declercq,29,koppel,3938.47,4032.29,Brussel,nl,,
KBC-0032,Chloe,Pauwels,24,starter,2037.51,1908.53,Leuven,nl,,
KBC-0033,Chloe,Lambert,39,gezin,3222.96,50.0,Leuven,nl,,
KBC-0034,Finn,Maes,20,student,1013.89,929.93,Aalst,nl,,
KBC-0035,Milan,Jacobs,30,starter,2029.02,5699.81,Brussel,nl,,
KBC-0036,Noah,Declercq,35,gezin,3960.82,2302.81,Leuven,nl,,
KBC-0037,Wout,Willems,73,pensioen,2474.8,3151.02,Antwerpen,nl,,
KBC-0038,Kobe,Declercq,32,koppel,4073.85,5713.97,Antwerpen,nl,,
KBC-0039,Hugo,Maes,45,gezin,5197.87,1487.95,Gent,nl,,
KBC-0040,Eva,Peeters,69,pensioen,2427.13,50.0,Aalst,nl,,
KBC-0041,Robbe,Martin,77,pensioen,1890.13,3402.33,Brussel,nl,,
KBC-0042,Mats,Hermans,76,pensioen,2282.38,3936.59,Hasselt,nl,,
KBC-0043,Wout,De Smet,32,koppel,5503.05,2975.11,Antwerpen,nl,,
KBC-0044,Emma,Aerts,50,gezin,4954.37,5467.67,Leuven,nl,,
KBC-0045,Jens,Willems,49,gezin,4299.64,288.32,Aalst,nl,,
KBC-0046,Pierre,Dupont,32,koppel,4040.35,1198.94,Brugge,nl,,
KBC-0047,Finn,Lambert,22,student,1191.01,50.0,Kortrijk,nl,,
KBC-0048,Manon,Mertens,30,koppel,3769.55,1262.16,Mechelen,nl,,
KBC-0049,Senne,Dupont,47,gezin,4966.38,6787.13,Brugge,nl,,
KBC-0050,Senne,De Vos,67,pensioen,1497.55,6935.03,Aalst,nl,,
KBC-0051,Amber,De Vos,77,pensioen,2407.86,4877.71,Leuven,nl,,
KBC-0052,Ella,Peeters,34,gezin,5667.95,2984.36,Gent,nl,,
KBC-0053,Senne,Pauwels,21,student,1329.53,50.0,Hasselt,nl,,
KBC-0054,Marie,De Vos,20,student,932.27,1246.38,Kortrijk,nl,,
KBC-0055,Nora,Claes,67,pensioen,1458.28,2393.45,Brugge,nl,,
KBC-0056,Louise,Dubois,18,student,807.59,3715.97,Antwerpen,nl,,
KBC-0057,Mila,Peeters,76,pensioen,2488.53,2312.13,Brussel,nl,,
KBC-0058,Fleur,Lambert,20,student,928.95,637.84,Antwerpen,nl,,
KBC-0059,Louise,Bosmans,23,starter,3080.24,50.0,Gent,nl,,
KBC-0060,Arthur,Jacobs,28,starter,2543.76,50.0,Kortrijk,nl,,
KBC-0061,Jules,Goossens,77,pensioen,2076.55,50.0,Brussel,nl,,
KBC-0062,Robbe,Coppens,36,gezin,5239.53,4434.04,Leuven,nl,,
KBC-0063,Hugo,Goossens,24,starter,2514.1,50.0,Hasselt,nl,,
KBC-0064,Lotte,Maes,75,pensioen,1778.02,6001.93,Brussel,nl,,
KBC-0065,Seppe,De Vos,23,starter,3162.87,3100.64,Kortrijk,nl,,
KBC-0066,Lien,Hermans,29,koppel,4470.94,50.0,Leuven,nl,,
KBC-0067,Lars,Claes,38,koppel,5343.99,5604.07,Brussel,nl,,
KBC-0068,Bram,Hermans,35,koppel,4404.94,6458.76,Leuven,nl,,
KBC-0069,Sofie,Maes,24,starter,2836.11,4390.63,Brugge,nl,,
KBC-0070,Lien,Wouters,36,koppel,4594.26,6068.33,Kortrijk,nl,,
KBC-0071,Emma,Vermeulen,35,koppel,4091.9,6467.53,Leuven,nl,,
KBC-0072,Sofie,Martin,24,starter,2818.15,1059.02,Gent,nl,,
KBC-0073,Senne,Wouters,67,pensioen,2147.09,50.0,Aalst,nl,,
KBC-0074,Fien,Lambert,23,starter,2791.12,5752.65,Hasselt,nl,,
KBC-0075,Mats,De Vos,33,gezin,5824.44,9544.43,Kortrijk,nl,,
KBC-0076,Mats,Claes,39,gezin,3034.67,7260.42,Hasselt,nl,,
KBC-0077,Marie,De Smet,24,student,710.76,1844.93,Gent,nl,,
KBC-0078,Louise,Dupont,25,starter,2423.83,9836.39,Brugge,nl,,
KBC-0079,Emma,Lambert,73,pensioen,2769.68,2217.94,Gent,nl,,
KBC-0080,Luna,Peeters,22,student,1225.56,5409.5,Aalst,nl,,
KBC-0081,Senne,Vermeulen,29,koppel,3250.12,7321.33,Brussel,nl,,
KBC-0082,Mila,Aerts,40,gezin,5451.79,8407.12,Brussel,nl,,
KBC-0083,Elise,Dubois,23,starter,2625.87,50.0,Mechelen,nl,,
KBC-0084,Laura,Martin,26,koppel,3993.05,4023.79,Mechelen,nl,,
KBC-0085,Senne,Janssens,50,gezin,3817.1,1342.69,Gent,nl,,
KBC-0086,Leon,De Vos,25,starter,3083.41,6163.85,Gent,nl,,
KBC-0087,Emma,Mertens,24,starter,3100.0,3139.12,Kortrijk,nl,,
KBC-0088,Olivia,Mertens,24,starter,2542.4,2143.66,Gent,nl,,
KBC-0089,Robbe,Jacobs,34,koppel,3948.54,2326.42,Leuven,nl,,
KBC-0090,Arthur,Smets,26,starter,2322.76,4528.86,Antwerpen,nl,,
KBC-0091,Arthur,De Vos,73,pensioen,2466.62,3172.64,Brugge,nl,,
KBC-0092,Fleur,Martin,22,student,1395.2,50.0,Brussel,nl,,
KBC-0093,Jade,Claes,52,gezin,4603.46,5799.21,Leuven,nl,,
KBC-0094,Lars,Hermans,52,gezin,3618.55,804.43,Kortrijk,nl,,
KBC-0095,Louise,Smets,50,gezin,4140.33,4612.01,Brugge,nl,,
KBC-0096,Senne,Pauwels,51,gezin,5741.45,50.0,Brussel,nl,,
KBC-0097,Lars,Hermans,30,koppel,4547.93,1134.63,Mechelen,nl,,
KBC-0098,Noah,Willems,19,student,1380.94,2804.03,Brugge,nl,,
KBC-0099,Camille,Claes,29,starter,2072.34,1606.74,Antwerpen,nl,,
KBC-0100,Fleur,De Smet,33,koppel,3616.01,50.0,Gent,nl,,
KBC-0101,Daan,Claes,29,starter,2196.24,4239.92,Gent,nl,,
KBC-0102,Pierre,Dubois,25,starter,2650.82,8761.68,Hasselt,nl,,
KBC-0103,Luna,Coppens,34,koppel,3575.07,1539.7,Mechelen,nl,,
KBC-0104,Nathan,Willems,18,student,1381.63,1320.57,Hasselt,nl,,
KBC-0105,Arthur,Mertens,20,student,900.12,3728.93,Hasselt,nl,,
KBC-0106,Nathan,Lambert,47,gezin,6054.88,556.77,Brussel,nl,,
KBC-0107,Fleur,Dubois,21,student,918.2,7389.69,Brugge,nl,,
KBC-0108,Robbe,Declercq,38,gezin,5763.67,1552.97,Gent,nl,,
KBC-0109,Julie,Cools,18,student,939.32,2516.06,Kortrijk,nl,,
KBC-0110,Vince,De Smet,71,pensioen,2764.27,3664.91,Mechelen,nl,,
KBC-0111,Lea,Peeters,72,pensioen,2137.41,12151.45,Leuven,nl,,
KBC-0112,Louise,Aerts,20,student,932.94,1941.8,Aalst,nl,,
KBC-0113,Jules,Declercq,37,koppel,4452.44,4349.5,Hasselt,nl,,
KBC-0114,Hanne,Vermeulen,22,student,1123.16,50.0,Kortrijk,nl,,
KBC-0115,Eva,Lambert,26,starter,2045.39,50.0,Kortrijk,nl,,
KBC-0116,Nathan,De Vos,30,starter,2987.47,4746.16,Brugge,nl,,
KBC-0117,Nina,Pauwels,26,koppel,3307.05,8574.03,Brugge,nl,,
KBC-0118,Jade,Janssens,23,starter,2244.81,3702.78,Aalst,nl,,
KBC-0119,Fien,Aerts,21,student,939.56,3666.01,Brugge,nl,,
KBC-0120,Luna,Cools,30,koppel,3778.73,2042.61,Brussel,nl,,
KBC-0121,Amber,Claes,19,student,936.05,50.0,Leuven,nl,,
KBC-0122,Stan,Lemmens,76,pensioen,1610.65,4308.1,Gent,nl,,
KBC-0123,Vince,Willems,44,gezin,3782.95,4795.17,Brugge,nl,,
KBC-0124,Stan,Jacobs,74,pensioen,2438.27,526.83,Aalst,nl,,
KBC-0125,Camille,Jacobs,44,gezin,5631.39,10370.15,Brussel,nl,,
KBC-0126,Theo,Maes,76,pensioen,2613.95,2360.52,Brussel,nl,,
KBC-0127,Chloe,Coppens,33,koppel,4105.36,5576.4,Hasselt,nl,,
KBC-0128,Jules,Dupont,44,gezin,4387.63,711.54,Mechelen,nl,,
KBC-0129,Fleur,Hermans,37,gezin,3996.46,5014.76,Mechelen,nl,,
KBC-0130,Kobe,Willems,23,student,1152.87,244.74,Brugge,nl,,
KBC-0131,Stan,Cools,51,gezin,4317.76,3485.4,Brussel,nl,,
KBC-0132,Vince,Declercq,37,gezin,4010.68,6149.99,Brugge,nl,,
KBC-0133,Wout,Maes,25,starter,2339.32,8070.36,Antwerpen,nl,,
KBC-0134,Louis,Dubois,45,gezin,3739.41,2831.83,Hasselt,nl,,
KBC-0135,Mats,Smets,51,gezin,5430.55,3332.23,Brussel,nl,,
KBC-0136,Louise,Declercq,71,pensioen,1720.71,50.0,Aalst,nl,,
KBC-0137,Mats,Peeters,47,gezin,4112.73,10259.47,Brugge,nl,,
KBC-0138,Theo,Lambert,23,student,1363.41,2662.63,Mechelen,nl,,
KBC-0139,Mats,Pauwels,27,starter,2416.5,5666.65,Leuven,nl,,
KBC-0140,Mila,Martin,18,student,1203.13,50.0,Leuven,nl,,
KBC-0141,Mila,Wouters,28,koppel,5056.74,7743.19,Kortrijk,nl,,
KBC-0142,Fleur,Lemmens,47,gezin,3014.76,1866.84,Aalst,nl,,
KBC-0143,Hanne,Claes,25,starter,2305.03,50.0,Kortrijk,nl,,
KBC-0144,Camille,Hermans,35,koppel,4459.85,2571.88,Mechelen,nl,,
KBC-0145,Lien,De Smet,35,koppel,3392.0,642.8,Leuven,nl,,
KBC-0146,Amber,De Vos,33,koppel,3540.37,3414.57,Kortrijk,nl,,
KBC-0147,Milan,Dubois,36,gezin,4325.92,2363.3,Antwerpen,nl,,
KBC-0148,Jens,De Smet,78,pensioen,2348.93,1586.25,Mechelen,nl,,
KBC-0149,Pierre,Mertens,38,koppel,4635.62,4680.36,Brugge,nl,,
KBC-0150,Theo,Hermans,34,koppel,4360.04,3124.62,Leuven,nl,,
KBC-0151,Leon,Smets,69,pensioen,1584.39,50.0,Kortrijk,nl,,
KBC-0152,Marie,De Vos,75,pensioen,1671.93,2004.52,Brugge,nl,,
KBC-0153,Nora,Dubois,29,koppel,4775.95,12096.98,Mechelen,nl,,
KBC-0154,Stan,Goossens,35,gezin,4030.88,1890.53,Brussel,nl,,
KBC-0155,Milan,Dupont,19,student,932.87,50.0,Hasselt,nl,,
KBC-0156,Theo,Declercq,20,student,1165.77,4690.61,Antwerpen,nl,,
KBC-0157,Ella,Peeters,35,koppel,5472.94,6893.53,Brugge,nl,,
KBC-0158,Luna,Dupont,25,starter,2571.22,797.77,Gent,nl,,
KBC-0159,Chloe,Bosmans,68,pensioen,1600.81,2261.51,Mechelen,nl,,
KBC-0160,Olivia,Peeters,37,koppel,4753.9,3952.9,Mechelen,nl,,
KBC-0161,Wout,Vermeulen,36,gezin,4912.97,1103.28,Hasselt,nl,,
KBC-0162,Julie,Lambert,26,koppel,3981.28,6366.05,Hasselt,nl,,
KBC-0163,Jens,Dubois,18,student,1040.18,50.0,Brugge,nl,,
KBC-0164,Luna,Lemmens,37,gezin,3206.25,4556.79,Kortrijk,nl,,
KBC-0165,Seppe,Hermans,43,gezin,4645.3,4503.76,Gent,nl,,
KBC-0166,Eva,Maes,27,koppel,3745.26,4080.14,Antwerpen,nl,,
KBC-0167,Seppe,Willems,33,koppel,4503.11,5598.44,Kortrijk,nl,,
KBC-0168,Stan,Martin,32,gezin,4873.65,5502.77,Antwerpen,nl,,
KBC-0169,Chloe,Dupont,34,gezin,3692.54,7088.83,Antwerpen,nl,,
KBC-0170,Lea,Claes,19,student,1335.81,4954.7,Hasselt,nl,,
KBC-0171,Jens,Martin,28,starter,2537.46,7831.55,Leuven,nl,,
KBC-0172,Noah,Lemmens,19,student,1094.6,50.0,Aalst,nl,,
KBC-0173,Finn,Jacobs,23,student,1212.67,1064.67,Hasselt,nl,,
KBC-0174,Sofie,Martin,27,starter,2015.69,50.0,Leuven,nl,,
KBC-0175,Emma,Aerts,28,koppel,4421.59,50.0,Antwerpen,nl,,
KBC-0176,Louise,Mertens,44,gezin,3109.87,7645.61,Hasselt,nl,,
KBC-0177,Finn,Claes,49,gezin,5664.62,50.0,Mechelen,nl,,
KBC-0178,Lars,Cools,28,starter,2660.35,2597.86,Antwerpen,nl,,
KBC-0179,Lien,Claes,30,koppel,5494.49,3071.44,Aalst,nl,,
KBC-0180,Jules,Coppens,25,starter,2656.3,6687.62,Hasselt,nl,,
KBC-0181,Kobe,De Smet,23,starter,2903.56,1990.85,Brugge,nl,,
KBC-0182,Pierre,Peeters,69,pensioen,1448.18,2167.81,Mechelen,nl,,
KBC-0183,Daan,Cools,69,pensioen,1931.12,3122.98,Hasselt,nl,,
KBC-0184,Sofie,Willems,26,koppel,4809.5,8597.57,Leuven,nl,,
KBC-0185,Lucas,Goossens,43,gezin,5065.04,50.0,Antwerpen,nl,,
KBC-0186,Maxime,Willems,34,gezin,5423.63,3098.69,Gent,nl,,
KBC-0187,Lotte,Aerts,24,starter,1987.99,5833.14,Kortrijk,nl,,
KBC-0188,Amber,Willems,22,student,1153.17,3524.31,Hasselt,nl,,
KBC-0189,Fien,Dupont,30,starter,3107.13,6286.14,Hasselt,nl,,
KBC-0190,Lucas,Dupont,37,koppel,3848.11,7160.4,Hasselt,nl,,
KBC-0191,Leon,Pauwels,34,koppel,3890.21,50.0,Brugge,nl,,
KBC-0192,Robbe,Peeters,35,koppel,5068.54,2427.4,Aalst,nl,,
KBC-0193,Marie,Lemmens,35,koppel,4012.58,5369.78,Kortrijk,nl,,
KBC-0194,Marie,Lambert,38,koppel,4419.4,5283.05,Leuven,nl,,
KBC-0195,Hanne,Vermeulen,28,starter,2122.58,50.0,Aalst,nl,,
KBC-0196,Tibo,Mertens,28,koppel,4447.44,2213.04,Hasselt,nl,,
KBC-0197,Ella,Aerts,29,starter,2279.48,6771.5,Hasselt,nl,,
